t,q1,q2,dq1,dq2,u1,u2,infer_ms
0.0,0.052237063440101886,0.012396529044758,0.06225672923768033,-0.24651046897120646,0.009919092059135437,0.00037698447704315186,0.9907389999170846
0.05,0.05673434380290984,-0.003256936133857612,0.11168291340887046,-0.3622381136308229,-0.0024787038564682007,-0.0010487958788871765,0.691233999987162
0.1,0.05539075649859623,-0.01697139729322363,-0.1391261643442643,-0.21484136384680372,0.03448024392127991,0.00044433772563934326,0.5704370000785275
0.15000000000000002,0.08363828948078184,-0.07437043478369522,1.2286554450336375,-1.9815308047055498,0.04252208024263382,-0.0067650675773620605,0.5821979998472671
0.2,0.19654724336845233,-0.26071319052500264,3.15586248224433,-5.184520056029886,0.06130816787481308,-0.01299331709742546,1.000007000129699
0.25,0.42021946885718636,-0.6294315674579587,5.542432938838015,-8.998752972042261,0.062169887125492096,-0.017376095056533813,0.926325999898836
0.30000000000000004,0.7333725354480664,-1.128401375178581,6.724374090982047,-10.38453329673092,0.06335294991731644,-0.014502648264169693,0.930210999740666
0.35000000000000003,1.069673004912047,-1.61337390110421,6.590478067024527,-8.793055296010234,0.06295859068632126,-0.002096995711326599,0.8295239999824844
0.4,1.3674523759781296,-1.9411617229368388,5.2841556633647615,-4.412265741449892,0.06667622178792953,0.023637451231479645,0.892919999841979
0.45,1.5713109031820114,-1.9597426635618993,2.8470139861847215,3.363424805967001,0.06717298179864883,0.04152333736419678,0.7614269998157397
0.5,1.623845060580476,-1.5474680619621903,-0.8319416794770685,12.85701146819497,0.06737611442804337,0.03892407566308975,0.740454000151658
0.55,1.479918716132143,-0.7060277273991926,-4.967909876014538,20.596790674080424,0.06812373548746109,0.028594359755516052,0.5702540001948364
0.6000000000000001,1.1703919636624422,0.3888677023206645,-6.946818484465664,22.233158195041472,0.026567377150058746,-0.017618101090192795,0.7777270002407022
0.65,0.8388329665663569,1.263596996169483,-6.450921814790781,13.092576462101585,-0.058191247284412384,-0.04141765087842941,0.8420299996032554
0.7000000000000001,0.4342657095595492,1.716642475698195,-9.665622650520316,4.802370561053385,-0.04341800883412361,-0.025065626949071884,0.8884149997356872
0.75,-0.09339090650175577,1.756196272379389,-10.852200526730632,-3.8021022082844507,0.047025784850120544,0.029692329466342926,1.0780440002235991
0.8,-0.5398820015350861,1.4498515883816254,-6.660102055199111,-8.429304322775367,0.051100216805934906,0.04523712396621704,1.1413130000619276
0.8500000000000001,-0.7646410341189532,1.0179939978015617,-2.4161031700647055,-8.362715690521291,0.03391185402870178,0.03191216289997101,0.8879480001269258
0.9,-0.7978817414103945,0.6155378529494002,0.8669154226438902,-7.228843703198051,0.02467389404773712,0.0043449848890304565,0.6710750003549038
0.9500000000000001,-0.6536375131589731,0.17823551171501534,4.743147527301339,-9.884151445850438,0.04853380471467972,-0.002600371837615967,0.6077599996388017
1.0,-0.2991436785765301,-0.41214277416292777,9.088100501510818,-12.926411369373687,0.056563086807727814,-0.01674572005867958,0.7336070002565975
1.05,0.2503884182591164,-1.1132838497063282,12.402548570284143,-13.919522961640594,0.04612255096435547,-0.040233030915260315,0.6233900003280723
1.1,0.9180595533046183,-1.817371315259808,13.886179098398799,-13.55412207153198,0.04174908995628357,-0.025501150637865067,0.835042999824509
1.1500000000000001,1.586282909383143,-2.380125180146726,12.688940609397697,-9.241868447108699,0.05138956755399704,0.006500624120235443,0.6540300000779098
1.2000000000000002,2.1673286992134315,-2.6568286366830334,10.662875023422778,-2.367487688925417,0.03951535373926163,0.011735484004020691,0.5630339996969269
1.25,2.650302796085334,-2.6438082189804364,8.894639525226872,2.2699789240671953,0.012691982090473175,0.008164800703525543,0.5869030001122155
1.3,3.046349753850443,-2.4787391635384237,7.202628438274212,3.777466649922389,-0.030570216476917267,0.007231816649436951,0.7257800002662407
1.35,3.3360543666084754,-2.279340792832775,4.634328853036916,3.7713557932551836,-0.041438497602939606,0.019605420529842377,0.8238899999923888
1.4000000000000001,3.502246292939323,-2.0674204675777563,2.166325976644769,4.4879008184932765,-0.04119223356246948,0.023116126656532288,0.6428560000131256
1.4500000000000002,3.560189535504869,-1.8273060910307273,0.23646732045394184,5.056168815460797,-0.04609043151140213,0.020776093006134033,0.7360320000771026
1.5,3.5333636673448363,-1.5722337505835653,-1.3034849690708135,5.213958770753286,-0.009426500648260117,0.031927697360515594,0.6270940002650605
1.55,3.461248226970668,-1.2894321644175601,-1.6434696070526333,6.227998322814681,0.019572988152503967,0.03684435039758682,0.7726690000708913
1.6,3.3936232926666716,-0.9514528487564152,-1.1444957029302594,7.47882590713467,-0.023704931139945984,0.013192594051361084,0.7261949999701756
1.6500000000000001,3.3210419686001873,-0.5820375396111998,-1.8153006518506394,7.553986527343146,-0.023978695273399353,-0.010873224586248398,0.7558800002698263
1.7000000000000002,3.2509957505249045,-0.31817168130428064,-1.0588802597287474,3.266804151928792,-0.0056387633085250854,0.004931189119815826,0.7323350000660866
1.75,3.2034788798712137,-0.17016449026384323,-0.8943622117044645,2.79820704713507,-0.009025942534208298,-0.004893012344837189,0.7724940001025971
1.8,3.171542594639925,-0.08140741667401527,-0.4286286218500478,0.8772932156595152,-0.004281193017959595,0.000523693859577179,0.7604539996464155
1.85,3.1533726217995715,-0.04900523886338094,-0.3181842125752547,0.46165061741122426,-0.0008817240595817566,0.0007027164101600647,0.7870159997764858
1.9000000000000001,3.142620214854189,-0.037636926203044284,-0.12983178624776154,0.03416670700236429,0.011391587555408478,0.002227678894996643,0.7689920003031148
1.9500000000000002,3.1442411826673777,-0.040053889313773634,0.16738572466275647,-0.09170615666132251,0.012576289474964142,0.0042897239327430725,0.8145889996740152
2.0,3.1589070635035617,-0.040932663961264944,0.4455473927649163,0.0015071336512335175,-0.019529879093170166,-0.006087340414524078,0.7579859998259053
2.0500000000000003,3.1657559511868256,-0.042626655187501056,-0.09563813914134403,-0.14187024086130226,-0.001426786184310913,0.001367323100566864,0.648389000161842
2.1,3.1622116476600426,-0.04569753724445573,-0.04071510712689967,-0.0069463243748140845,-0.0012756139039993286,0.0019500628113746643,0.6265829997573746
2.15,3.161609251854321,-0.04532929807267302,-0.001564111263572428,0.0305106968840142,-0.003554113209247589,9.565800428390503e-05,0.5750909999733267
2.2,3.1614927985831267,-0.0451116761211657,-0.0029215010785841556,-0.002836141330211674,-0.0004886314272880554,0.0011877119541168213,0.583318999815674
2.25,3.1614851116026212,-0.045045844232846556,0.0006648920835839585,0.0026349913439817248,-0.007917411625385284,-0.0006200820207595825,0.5727849998038437
2.3000000000000003,3.158430116639376,-0.045044947439816185,-0.1254214880466923,-0.0005794249788835405,-0.006149351596832275,0.0009349361062049866,0.6520659999296186
2.35,3.149699287741529,-0.04412886240074399,-0.23019979750275912,0.04048686639294118,0.011858135461807251,0.004591979086399078,0.6637169999521575
2.4000000000000004,3.148006458889583,-0.04323406112579137,0.10659343260213944,0.03358370591249173,-0.005904056131839752,-0.002055034041404724,0.7453439998243994
2.45,3.1492376738456995,-0.04558172711746665,-0.0025241885519737967,-0.17643077548952968,0.007157251238822937,0.0028382539749145508,0.8253930000137188
2.5,3.15024949746319,-0.04803264716882897,0.06569126014734276,0.0006267262223322944,0.004291318356990814,0.002353385090827942,0.7512989996030228
2.5500000000000003,3.154020420342013,-0.04675576970039817,0.08817876810503174,0.04895518770877549,-0.0003347471356391907,-0.0006033033132553101,0.5857969999851775
2.6,3.1565849387203815,-0.04636923231106835,0.010595797309074461,-0.004756499160159957,-0.0035258084535598755,-0.0010411888360977173,0.5885800001124153
2.6500000000000004,3.1566231857356803,-0.05001484715141324,-0.0017582304352252377,-0.15190606030427115,0.0007047057151794434,0.0016281083226203918,0.7112919997780409
2.7,3.1565740172154384,-0.05287765704278767,0.0003400397562907899,-0.002276962490393428,-0.005250997841358185,-4.947185516357422e-06,0.6376760002240189
2.75,3.1550166507956177,-0.05299942311240847,-0.06368069117835054,-0.002447137003665966,0.005753703415393829,0.0036406442523002625,0.5917449998378288
2.8000000000000003,3.1545359812119047,-0.04992885855987347,0.007841823256999574,0.16612384210713194,-0.007776670157909393,-0.001831337809562683,0.588862999848061
2.85,3.1532241260212155,-0.04904599186853269,-0.07430230761666011,-0.07038341370378556,0.0025635063648223877,0.0024601370096206665,0.5739150001318194
2.9000000000000004,3.1521348791784587,-0.04997050729979049,0.0005936475915651581,0.018886773365328582,0.018699198961257935,0.006042875349521637,0.7742860002508678
2.95,3.165231449076182,-0.04975291132020152,0.5282546730329635,0.0004108144131058274,-0.021112408488988876,-0.008280139416456223,0.8039680001274974
3.0,3.1766418425197247,-0.05811584753481001,0.0032035577564070786,-0.43384404374911895,0.002977229654788971,0.002468705177307129,0.7970550000209187
3.0500000000000003,3.1767563337476368,-0.07011461877025996,0.0022656558568230857,-0.060464980867868404,0.006623901426792145,0.006573379039764404,0.6186850000631239
3.1,3.176882835180244,-0.05548444468230759,0.002744104682705862,0.6468352648936593,-0.007768765091896057,-0.0032177790999412537,0.5677710000782099
3.1500000000000004,3.176973775119396,-0.03967468282635198,0.00011591605116808109,0.03385097462950665,-0.005594164133071899,0.0010462701320648193,0.7542409998677613
3.2,3.176841148221626,-0.03724755814601935,-0.003364262686465314,0.061543214290330335,-0.006556026637554169,-0.0010546371340751648,0.6007189999763796
3.25,3.1766806350789873,-0.03697472113289095,-0.0036823599373339345,-0.021743594531508433,0.0014608874917030334,0.000870145857334137,0.7234839999910037
3.3000000000000003,3.1774606033680493,-0.037127004472673614,0.0388905503502465,0.0017171413378208337,-0.010655686259269714,-0.00024094432592391968,0.6124850001469895
3.35,3.1750570659328723,-0.034807034598640756,-0.13535807123981727,0.09040673679832846,-0.008145108819007874,0.0008855164051055908,0.5933950001235644
3.4000000000000004,3.1648166762594716,-0.025465195781017035,-0.28159162078581523,0.29052727791122096,-0.008679181337356567,-4.176795482635498e-05,1.0118200002580124
3.45,3.146916070628438,-0.009389821957307424,-0.44909289110050665,0.3709416147100525,0.010416433215141296,0.003739267587661743,0.7748129996798525
3.5,3.1375884739608035,0.0005951760302721179,-0.00428016003238453,0.14537705510969706,5.4679811000823975e-05,-0.0012778937816619873,0.6594129999939469
3.5500000000000003,3.1376116098385434,0.002120356903979737,0.0005855742688780655,-0.025069751586423685,0.008432343602180481,0.00115252286195755,0.5740500000683824
3.6,3.1414708984505264,0.001752287603615272,0.1602905136156257,-0.0028702702791968543,-0.009192299097776413,-0.0021588578820228577,0.556393000351818
3.6500000000000004,3.1421536377642605,0.002544916795546444,-0.08518266174500842,0.0003746763485197525,0.009975135326385498,0.003228984773159027,0.5965150003248709
3.7,3.1437422490545575,0.004169967366948184,0.13519596462813055,0.07383396603117037,0.008156351745128632,0.0009148642420768738,0.5794809999315476
3.75,3.1562338981320717,0.004798036983862808,0.35822454612663596,-0.0031637423946405015,-0.012174505740404129,-0.005947671830654144,0.6854799999018724
3.8000000000000003,3.164800772752714,0.001234840432505901,0.020148043483756553,-0.1844354009551645,0.011665381491184235,0.006461776793003082,0.5944669997006713
3.85,3.1693678280580264,0.01049314282388652,0.171528709998396,0.5395884748853104,-0.020121317356824875,-0.008182935416698456,0.7133539997994376
3.9000000000000004,3.1700351572106404,0.020851101550429317,-0.11294923467410176,-0.0981669170461979,-0.0017253458499908447,-0.0015147700905799866,0.8834820000629406
3.95,3.168516451764443,0.012323741169446336,-0.0001370233720602066,-0.17503121790591555,-0.007246650755405426,-0.0010555386543273926,0.6335230000331649
4.0,3.1660361192878885,0.009343830820884708,-0.08284014572657705,-0.0026235702106994665,-0.01160125806927681,-0.001530379056930542,0.6522419998873374
4.05,3.1565693830577897,0.011400998590706621,-0.3025470214795985,0.08828662696702913,0.003161594271659851,0.0017165541648864746,0.5869010001333663
4.1000000000000005,3.1488838437953652,0.012439453469419715,-0.02925653214038052,0.0016297376076454657,-0.007057912647724152,-0.0009797364473342896,0.5873209997844242
4.15,3.145033766989573,0.01255576922821955,-0.12702049110431865,0.002584607709603527,0.002200998365879059,0.0014762505888938904,0.6269969999266323
4.2,3.142786250980152,0.012936893793179416,-0.0016721386221820408,0.04003774070748563,-0.011502709239721298,-0.0024684369564056396,0.6297039999481058
4.25,3.1365791133652077,0.01351305706774827,-0.256650707748127,0.0029019117216317497,0.014112971723079681,0.0036344975233078003,0.5863960000169754
4.3,3.1352186501202013,0.012834629783656832,0.1496804342988088,0.0010869825731722265,-0.004396520555019379,-0.0013668090105056763,0.7431959998029924
4.3500000000000005,3.137363742085194,0.013888417457911724,-0.00444828164035307,0.0009002433576646166,5.6043267250061035e-05,-7.139146327972412e-05,0.8019289998628665
4.4,3.137310842111002,0.013929159849500184,-0.0001328999100153725,0.0010127613020265132,0.00045724213123321533,8.448213338851929e-05,0.6055130002096121
4.45,3.1373251283915935,0.01401442725339629,0.00041211249725236636,0.0019272300268906816,-0.00013740360736846924,-0.00041694939136505127,0.6254689997149399
4.5,3.1373193477085195,0.014005672366983987,-0.0002910489710665443,-0.0007845723509569214,0.009271807968616486,0.0020118653774261475,0.5722529999729886
4.55,3.142322084940782,0.014076594624056374,0.20411189941660624,0.0018727801640389034,-0.005263574421405792,-0.0023661255836486816,0.8173989999704645
4.6000000000000005,3.146675924858431,0.014127414383747223,0.005816295296143661,-0.01072552742406991,-0.013206396251916885,-0.0025752484798431396,0.8392360000470944
4.65,3.1391592386749365,0.014297805741323827,-0.30996276795009015,0.013581358248676633,0.0009149089455604553,0.00038029998540878296,0.7432309998876008
4.7,3.126745207775345,0.014326799113380131,-0.1975240998404694,-0.002485886067350662,0.004546955227851868,0.0010020360350608826,0.5743649999203626
4.75,3.1219820303714307,0.013244484797132703,-0.012641636966286843,-0.018784387028107932,0.009164951741695404,0.0032944455742836,0.5767359998571919
4.800000000000001,3.1227743428505956,0.018866598090284636,0.044796154252462014,0.24403143936526955,0.003069676458835602,2.3946166038513184e-05,1.0116049998032395
4.8500000000000005,3.1243899139763016,0.02921222846645618,0.019466688480224533,0.17913080495125652,-0.0021612197160720825,-0.0009350031614303589,0.7665650000490132
4.9,3.1245269738595143,0.03428796269471519,-0.001871107556444187,0.018842236385407926,-0.0005766749382019043,-0.0009611472487449646,0.5787219997728243
4.95,3.124440296442614,0.034394737081309384,-0.001941454746040513,-0.002417143187914982,0.0006894245743751526,0.0002549365162849426,0.6017170003360661
5.0,3.124397398521474,0.03452055403739966,-0.0004904137838482029,0.003939285283092513,-0.006187938153743744,-0.0032530054450035095,0.6496910000350908
5.050000000000001,3.1222885458226814,0.030299159986589663,-0.08620500582905063,-0.1715553378859616,-0.005573399364948273,-0.0028106793761253357,0.7975369999257964
5.1000000000000005,3.115422640074368,0.018827838745664766,-0.1931764793492521,-0.29141254906854575,0.014859750866889954,0.005843847990036011,0.665647000005265
5.15,3.1128418420608805,0.0158582113879579,0.03681426720604595,0.18187432894714115,-0.001343369483947754,-0.0014707297086715698,0.7148599997890415
5.2,3.113160551163556,0.01896176178601301,-0.0028199987276384996,-0.026717628502930125,-0.0030401870608329773,-0.0016963183879852295,0.5763569997725426
5.25,3.111309034960028,0.015691690586456596,-0.07281569949567085,-0.10433254820467006,-0.0003806650638580322,-0.0002570822834968567,0.7800029998179525
5.300000000000001,3.106578936697753,0.012320953414810027,-0.11908581059106682,-0.033011426530676104,0.007800690829753876,0.0015722662210464478,0.6994070004111563
5.3500000000000005,3.105036543865239,0.010352186588522758,0.0018282952716626273,-0.0036267651871090736,0.0028287023305892944,-0.0009834691882133484,0.8124240002871375
5.4,3.105061845240021,0.006890917975162325,0.00014732169778205984,-0.13682242914459716,0.005156062543392181,0.0020728260278701782,0.749738000195066
5.45,3.1050329151692977,0.005305748216192473,0.0003841598944685842,0.01697934780923912,0.009139470756053925,0.0016769170761108398,0.8243010001933726
5.5,3.106889953266972,0.005527089075365601,0.07218358571258399,0.001220330195384822,0.007613152265548706,-0.0001509636640548706,0.8235619998231414
5.550000000000001,3.1119684463265367,0.003041100059532034,0.13432850238729402,-0.10239037658823619,0.0023057088255882263,0.00013977289199829102,0.7609590002175537
5.6000000000000005,3.1143973156018903,0.002051760309887452,0.003622750998873627,-0.0011036317949913621,-0.008893832564353943,-0.002897389233112335,0.7926289999886649
5.65,3.107214540585427,0.0018701462513208257,-0.2961233610203102,-0.004127233569766805,0.0168260857462883,0.004715912044048309,0.7715579999967304
5.7,3.103671035559104,0.001104961997977791,0.09503886060505042,0.0016762975154159272,0.008785448968410492,0.002189643681049347,0.6246680000003835
5.75,3.109659472563765,0.0012847153306224663,0.14878050066785492,0.003973339829373658,0.004174850881099701,0.0007661879062652588,0.7312099996852339
5.800000000000001,3.115219916220133,0.0014803732520956693,0.07718588212246141,0.0038072047755854928,0.005498506128787994,0.0005553141236305237,0.5667310001626902
5.8500000000000005,3.1187650287804134,0.001529256998591752,0.06622096792893592,0.00019868783589602144,0.013769492506980896,0.0030217915773391724,0.7607500001540757
5.9,3.1288939144305346,0.001505004313447428,0.345222669870381,-0.000864378894298162,-0.006839677691459656,-0.004926316440105438,0.5985620000501513
5.95,3.139266627873597,-0.004698715434747093,0.07642861233476242,-0.25088022626536055,0.004188805818557739,0.0018809065222740173,0.6066279997867241
6.0,3.140574537384785,-0.007198827049392373,0.006588722585260152,0.05438829775207464,-0.00018703192472457886,-0.00038013607263565063,0.5879779996575962
6.050000000000001,3.140657071956776,-0.0066648143420559285,-0.00032591503299395335,-0.0023778301121813302,-0.007831741124391556,-0.0025923624634742737,0.5881510001017887
6.1000000000000005,3.137315227104773,-0.009567192768678793,-0.13631198801273972,-0.11235456130059018,0.01280716061592102,0.002852112054824829,0.938618999953178
6.15,3.1385576773326713,-0.01465911438251976,0.1547260506899577,-0.0509681712346828,-0.011919599026441574,-0.002651803195476532,0.619175999872823
6.2,3.1367127495354117,-0.015133498403911337,-0.19791005002274376,-0.0010820254134713484,0.00950099527835846,0.0022200793027877808,0.585745000080351
6.25,3.134615639394081,-0.017453761794439197,0.04295194706756856,-0.008476398386003177,-0.0018285736441612244,-0.002257794141769409,0.5560909999076102
6.300000000000001,3.13506208052441,-0.023309931114832348,0.00019220687865911467,-0.2617279311313682,0.007955923676490784,0.0030025318264961243,0.5840220001118723
6.3500000000000005,3.1355956065828936,-0.027559567148751463,0.041156764567746716,0.0035981183782087508,-0.002574443817138672,-0.0001931115984916687,0.810826999895653
6.4,3.135771567486693,-0.027647550939074336,-0.013877842625553733,-0.0064816983613101755,0.011124543845653534,0.0026668086647987366,0.642181999864988
6.45,3.1404868086059654,-0.027788598331281486,0.2063268477041519,-0.0020012008750797078,-0.0032978877425193787,-0.0005649402737617493,0.7523369999944407
6.5,3.1451318828161234,-0.02737066571834423,0.008527265506191123,0.003452227156906414,0.0038465112447738647,0.000899389386177063,0.715314999979455
6.550000000000001,3.145988170124701,-0.02731256692820972,0.02574352553036876,0.0005677739079944581,0.003971360623836517,0.0021075978875160217,0.5816289999529545
6.6000000000000005,3.146907288082898,-0.024172879646485085,0.012229391211827974,0.12449739585709405,3.854185342788696e-05,0.0013477131724357605,0.6012159997226263
6.65,3.147035060468354,-0.017093463903370854,7.559427847320673e-05,0.15306383086505015,-0.0122421495616436,-0.0021082311868667603,0.6190310000420141
6.7,3.1404484952403156,-0.012052111449789902,-0.26970890692665267,0.057454367839670506,0.0042833611369132996,0.0020552873611450195,0.5984379999972589
6.75,3.132978609057705,-0.0115419000070323,-0.04478267181668123,-0.0016078161953027215,0.009163886308670044,0.0037118196487426758,0.6804199997532123
6.800000000000001,3.133516562842153,-0.006836771667427146,0.055403978452808374,0.2058740179290268,0.0030874311923980713,-0.00011079013347625732,0.8189969998966262
6.8500000000000005,3.1374532930333423,-0.002611647677244019,0.09152813049470072,0.006860028848281824,-0.006066054105758667,-0.0027177631855010986,0.6028400002833223
6.9,3.1382546128734177,-0.0056176638147018435,-0.011645159238003445,-0.17608793992925617,0.0026460662484169006,0.0018271058797836304,0.5861119998371578
6.95,3.13811868508934,-0.00811944095137615,0.0009033869095132246,0.024078572651361208,-0.0048018768429756165,-0.0009256824851036072,0.709556999936467
7.0,3.1365393332480775,-0.007976647073094473,-0.07001248443288978,-0.002474795819949038,0.00407419353723526,0.0021570995450019836,0.6465780002145038
7.050000000000001,3.13578309350472,-0.0069132877930598155,0.001448691287207672,0.07455557028365094,0.010950803756713867,0.002208016812801361,0.588504000006651
7.1000000000000005,3.142650463384768,-0.006197060483574322,0.2637789520712638,-0.001357356358695182,-0.007571730762720108,-0.0022289901971817017,0.5813890002173139
7.15,3.1478066248779357,-0.0056981374085991595,-0.003912719298716064,-0.0036259502167622264,0.0045599788427352905,0.0003904402256011963,0.5898610002077476
7.2,3.149294244203522,-0.005790395520574372,0.06476823209760436,-0.001430084568990373,0.0021512284874916077,0.000579342246055603,0.7072660000631004
7.25,3.152439182612416,-0.005658260206724432,0.06399833766042438,0.003620230132061529,5.1043927669525146e-05,4.256516695022583e-05,0.7802449999871897
7.300000000000001,3.15417593202228,-0.005453004999502905,0.008468690571005901,0.0038608629941644214,-0.006803348660469055,-0.002158239483833313,0.6106320001890708
7.3500000000000005,3.1534238454667074,-0.007945556207998652,-0.03901930306472188,-0.10373298626851013,-0.0009784996509552002,-0.0008784234523773193,0.565483000173117
7.4,3.153019294742889,-0.01528555565976084,-0.00022665972099354716,-0.16197494237508758,0.0007879585027694702,0.0005242079496383667,0.5964440001662297
7.45,3.153019272011188,-0.019090184316684508,0.0006783105749837429,-0.009487514686652956,-0.0003244131803512573,-0.00030941516160964966,0.6272820000958745
7.5,3.153046236891401,-0.01930859879125165,0.0005744312698373618,-0.002989665120067163,0.0064004287123680115,0.003346763551235199,0.5749759998252557
7.550000000000001,3.1543877340967854,-0.012682255784101018,0.05524325391571493,0.266986577607913,0.0010178163647651672,0.00011876970529556274,0.5903759997636371
7.6000000000000005,3.1574882112531566,-0.0021551101931653323,0.0692515041133388,0.16385018767144804,-0.0037364736199378967,-0.0008230134844779968,0.5748829998992733
7.65,3.1583370034742417,0.005256549112433333,0.0005832582614175158,0.08865270702620755,-0.009995996952056885,-0.0016213059425354004,0.6390450002982107
7.7,3.154978665103872,0.007806197341856545,-0.1382099570383588,0.018311754867915166,0.006688050925731659,0.003823190927505493,0.6548390001626103
7.75,3.1534252729036374,0.014341922219035,0.00388562100120654,0.34386343818056014,0.00373811274766922,0.000497572124004364,0.8581819997743878
7.800000000000001,3.156603166992753,0.028944770046811907,0.12341085577814083,0.25304141844527034,-0.017832458019256592,-0.006429783999919891,0.7475610000255983
7.8500000000000005,3.1546044551397756,0.03295902096256702,-0.2044160122593793,-0.031097831575490578,0.0009567812085151672,0.0001814812421798706,0.5888689997846086
7.9,3.1490333888262896,0.03242414125624333,-0.022352961609242706,-0.002358437047518613,0.0034404024481773376,3.11732292175293e-05,0.61541600007331
7.95,3.1497902918039573,0.032488798002433254,0.05034517221681856,0.0024488328883459035,-0.0043052732944488525,-0.0010140538215637207,0.700358000358392
8.0,3.15023858736355,0.03328665883882212,-0.00202095263753504,0.0032210090423879342,-0.007153220474720001,-0.002432912588119507,0.5709590000151366
8.05,3.1484109565136063,0.033189239511407544,-0.07346710854226235,-0.0032218452488153564,-0.005865901708602905,-0.0027237236499786377,0.5756709997513099
8.1,3.1446876785280162,0.029878144504535686,-0.07876734063257522,-0.12773133381313675,-0.004043787717819214,-0.0022323206067085266,0.5871630000910955
8.15,3.1418855030583406,0.019805878487965098,-0.03538006114845209,-0.2790065468356194,0.001934051513671875,0.0010873973369598389,0.6169190000946401
8.200000000000001,3.1414517140034484,0.012677898655268275,-0.00020319705182487855,-0.015651238575561475,4.128366708755493e-05,-0.00031995028257369995,0.632589999895572
8.25,3.1414583599135324,0.012505367638812107,0.00040040677962143253,-0.00010536596102931551,-0.007300958037376404,-0.001129738986492157,0.6003670000609418
8.3,3.138201542789811,0.012601355149612822,-0.13226327200091642,0.0025046222395350474,0.007355064153671265,0.0028201714158058167,0.5882710001969826
8.35,3.1368001356274804,0.01504878875768554,0.016802350153899196,0.15431885460306227,0.009931743144989014,0.0011515766382217407,0.6205080003383046
8.4,3.145150237753571,0.0168632270397884,0.29786747852119555,-0.00204938556374418,-0.014224391430616379,-0.006606057286262512,0.6179490001159138
8.450000000000001,3.1496461836009977,0.01238365769209399,-0.02974482843845383,-0.29785141790568564,0.00038248300552368164,0.0006106197834014893,0.584001999868633
8.5,3.1492659562314333,0.0030888257054664725,-0.0016190827619278951,-0.060705693388709056,-0.005773089826107025,-0.0012750178575515747,0.7354289996328589
8.55,3.1471140019827213,0.0019750079643873317,-0.07980194178851614,-0.003650057069143969,-0.01196889579296112,-0.0036224573850631714,0.7290260000445414
8.6,3.1362925787689084,0.001479886706229983,-0.36120629240525953,-0.012139264412967664,0.0151907280087471,0.006817527115345001,0.8269179998023901
8.65,3.12983468357472,0.00590838408568068,0.01594765824596525,0.3067714361770235,0.0012851431965827942,-0.001256793737411499,0.6548490000568563
8.700000000000001,3.130931726162994,0.012898614212345682,0.016465450478164,0.015120041684848888,-0.0035652220249176025,-0.0014954730868339539,0.6449239999710699
8.75,3.130722132802897,0.012249400449550765,-0.019144815165937707,-0.040412430454065305,-0.0025277212262153625,-0.0016899481415748596,0.5859709999640472
8.8,3.130385716526334,0.006157369328525061,-0.0030185942984111173,-0.19344245582555913,0.0038866177201271057,0.0021875351667404175,0.6306539999059169
8.85,3.1303529466674997,0.00428292916862604,0.001080379818235663,0.06369775080669872,-0.003447994589805603,-1.8358230590820312e-05,0.572355999793217
8.9,3.129778412020299,0.00525827203908723,-0.03219741421966024,0.0025701143335704335,0.007093966007232666,0.002321578562259674,0.5820750002385466
8.950000000000001,3.1300605387122866,0.007754925813277487,0.03340628288754393,0.11080375031296878,0.0035556256771087646,0.0003721490502357483,0.554251999801636
9.0,3.131995243378562,0.01110466427032595,0.04449304890422241,0.02705039982051891,-0.011968966573476791,-0.005033902823925018,0.5617360002361238
9.05,3.1286034504822786,0.00491188265947762,-0.18369726940771677,-0.2724727287622066,0.010218814015388489,0.004923470318317413,0.5795010001747869
9.1,3.124890117544835,0.0019256970683567685,-0.0026329981921237675,0.14091635720097864,0.010200552642345428,0.0015079528093338013,0.6531570002152876
9.15,3.1308419698113394,0.0036008513243502216,0.22208155624573908,-0.0014035133768038265,-0.006547316908836365,-0.0030809417366981506,0.5433029996311234
9.200000000000001,3.1346550565702715,0.002623122915455768,-0.001577201581718285,-0.10032715626716636,-0.00020898133516311646,0.0003510713577270508,0.5636670002786559
9.25,3.1345380149852424,0.0008548350907355543,-0.0017316038436564467,-0.001934729427075065,0.0018023103475570679,0.00043214112520217896,0.7903850000730017
9.3,3.1345645539553186,0.000882161656970385,0.0011880934058398393,0.0013750006968711495,-0.007271535694599152,-0.00401412695646286,0.5913449999752629
9.35,3.134148451861487,-0.010818107982573164,-0.019524902451961295,-0.46926422867580553,0.007185809314250946,0.004260808229446411,0.6082700001570629
9.4,3.1339502868069866,-0.019637839032415404,0.0017274843187331313,0.06309696583433358,0.006707578897476196,0.0017119795083999634,0.7342230001086136
9.450000000000001,3.1366137035863817,-0.018736046689470712,0.09748848237821277,0.0022454623647832797,-0.0013365596532821655,-1.7873942852020264e-05,0.7926890002636355
9.5,3.137990205062558,-0.01820868186876461,-0.0005995471506806994,-0.00036017620469321325,0.0030822083353996277,0.0010936185717582703,0.6268440001804265
9.55,3.1380850717526587,-0.018113969383489723,0.0026198128831553327,0.0026832007062628557,0.017876170575618744,0.005535602569580078,0.5914700000175799
9.600000000000001,3.149730732301659,-0.017960827554677677,0.4707365261046869,0.0029206481295122218,-0.004567012190818787,-0.0026815980672836304,0.6307889998424798
9.65,3.1682109842431037,-0.01818051379106517,0.2803241192547408,-0.012444144156545022,-0.0035090595483779907,-0.0008141770958900452,0.6062329998712812
9.700000000000001,3.1792012002294108,-0.018177447841475534,0.16919003105428868,0.003029347536185689,-0.010628283023834229,-0.00042201578617095947,0.5913210002290725
9.75,3.1802049738125984,-0.009891118025240227,-0.06532237099307499,0.24237431938082735,-0.005552403628826141,-0.0010979920625686646,0.8087800001703727
9.8,3.179456920468608,-0.005298630122223604,-0.0010430541709087054,0.010146351162322417,-0.014149773865938187,-0.0025349482893943787,0.7368110000243178
9.850000000000001,3.1738457454910356,-0.005081604836259795,-0.22830156992744238,0.002998279563493623,-0.004790082573890686,0.0016340091824531555,0.5571229999077332
9.9,3.1615065546152885,0.0018141518458349632,-0.27339689197907857,0.2772371028008294,-0.0008959546685218811,-0.00013168156147003174,0.5847060001542559
9.950000000000001,3.154190989248961,0.006294279333688847,-0.054114589987761745,0.0011209718019605454,0.006334349513053894,0.0017649531364440918,0.5857199998899887
10.0,3.15578979630067,0.006451065231975261,0.11298644282879128,0.004057854390784994,-0.003122203052043915,-0.00018907338380813599,0.8801200001471443
10.05,3.157475169727658,0.010849336448077793,0.001108421561078603,0.10886346601390079,-0.008624479174613953,-0.004367850720882416,0.8043570001063927
10.100000000000001,3.157368837080161,0.0058015637786333635,-0.0031311729799600187,-0.30703870984623843,-0.003981545567512512,-0.00031910836696624756,0.6419300002562522
10.15,3.156403144739506,-0.004542054420812184,-0.03379705532103203,-0.11902352934908157,0.009276315569877625,0.002053879201412201,0.7712279998486338
10.200000000000001,3.1598892506884178,-0.006665348724999583,0.186879808296646,-0.00360681778956243,-0.008697513490915298,-0.0016864091157913208,0.7459270000254037
10.25,3.162338991338347,-0.004647537986464137,-0.017234873066759544,0.007618399178031832,-0.009001951664686203,-0.0004006698727607727,0.7938069998090214
10.3,3.157589784782369,-0.0016071702231534894,-0.17588830670916575,0.11595608054212407,0.008814886212348938,0.0036338642239570618,0.6440469996960019
10.350000000000001,3.1567130508583308,0.004814205315370097,0.07892885203577725,0.22992350353972416,-0.0038122087717056274,-0.00029678642749786377,0.651506999929552
10.4,3.157588732242605,0.01870248467082577,-0.0004611106496443365,0.2739340298564186,0.006620593369007111,0.0014796555042266846,0.5767510001533083
10.450000000000001,3.1631243299157674,0.030690379236586098,0.2243478974873199,0.21458340482526886,-0.014575105160474777,-0.005388788878917694,0.597276000007696
10.5,3.1659882047700925,0.036640964335649374,-0.052543510593227316,0.00078399278890852,-0.00035510212182998657,0.0006798580288887024,0.9908570000334294
10.55,3.1654881383112614,0.03966903817806761,0.0011040401048379466,0.15931680719959215,-0.022543203085660934,-0.007346555590629578,0.7573660000161908
10.600000000000001,3.1545936487813484,0.041542500592791284,-0.46928926111525315,-0.0016518014307191253,0.0015006884932518005,0.0007529109716415405,0.5643979998239956
10.65,3.1363145009568183,0.04154158499972553,-0.2731253310893881,0.0007231907653967213,0.003819189965724945,0.0017735138535499573,0.5621440000140865
10.700000000000001,3.1283139039884067,0.041658514371268544,-0.05159376176814401,0.0028868130577686,-0.003233596682548523,-0.0005269497632980347,0.5785289999948873
10.75,3.1251711636805792,0.041786706910203635,-0.0761743062727276,0.0025468672360938506,0.007421724498271942,0.0018527135252952576,0.8054909999373194
10.8,3.124876326614695,0.044202892654029144,0.03112810699233569,0.1256440236216118,-0.0009020566940307617,-0.00195496529340744,0.6198080000103801
10.850000000000001,3.125233318024276,0.04632424198801348,-0.0006728497821636944,-0.006150683070188595,-0.006711967289447784,-0.0026355385780334473,0.5928810001023521
10.9,3.1215960139554517,0.04615807377726723,-0.14650047721782755,-0.002538113369071446,0.006738722324371338,0.0017754584550857544,0.71974400043473
10.950000000000001,3.1194784325248683,0.04713727418525088,0.0013889471261851125,0.09018667791741385,-0.001287207007408142,-0.000920809805393219,0.6728690000272763
11.0,3.1194201971815705,0.04870712099420405,-0.002626344188548391,0.0014914307018726388,0.0007030591368675232,-0.0020870044827461243,0.7748190000711475
11.05,3.1194050506299114,0.0464946654839427,0.0002702613356122039,-0.08791585107080073,-0.001284576952457428,-0.000818498432636261,0.8540909998373536
11.100000000000001,3.118889473259126,0.04488186294712439,-0.012985012372677896,-0.0037519586649134005,-0.0003196820616722107,-0.0015910714864730835,0.7353600003625615
11.15,3.1186821420770277,0.04331660295758134,-0.0019153535327507169,-0.05020107150093895,0.0038448646664619446,0.0006100013852119446,0.5879690002075222
11.200000000000001,3.1187339616101695,0.04327426810767361,0.002186237176254276,0.028439557449969392,-0.009654678404331207,-0.0040770024061203,0.7697070000176609
11.25,3.1127309403925567,0.04291264289070938,-0.24963980619815618,-0.03170980717116547,0.012736223638057709,0.003355845808982849,0.6974559996706375
11.3,3.10904349740381,0.043342601397982794,0.043247453243187996,0.07404341170434797,0.0017933100461959839,-0.0018610209226608276,0.586108999868884
11.350000000000001,3.1098356145718205,0.04364263705256443,0.0013002281803785683,-0.03863761483710487,0.0027340278029441833,-0.0004852563142776489,0.5954399998699955
11.4,3.1098402042276736,0.04312518286462832,0.00016459978980128825,-0.0015048549308201823,0.0071542635560035706,0.0007862001657485962,0.9822349998103164
11.450000000000001,3.111101188868756,0.04324115417028416,0.05198551219929211,0.0032650093769291183,0.0067061930894851685,0.001016475260257721,0.7363899999290879
11.5,3.114495959282451,0.044537624550595345,0.08652488514505771,0.04735656425069983,-0.002124778926372528,-0.0010689496994018555,0.6114880002314749
11.55,3.115350398541415,0.04700644309972815,-0.0031101011052294264,0.006379041148968447,-0.0028103068470954895,-0.0015357211232185364,0.5661879999934172
11.600000000000001,3.1140399875959104,0.046966566492671655,-0.051819546615753095,-0.0025877661353981207,0.005436047911643982,0.00015980005264282227,0.5839260002176161
11.65,3.113628430754536,0.04685998999697651,0.005088783051056391,0.002598564084349484,0.004081860184669495,-0.001251220703125,0.6670330003544223
11.700000000000001,3.113790163104719,0.046737931725575374,0.0026606038800655093,-0.003937283767553112,0.010536916553974152,0.0018255189061164856,0.5770149996351392
11.75,3.1184097256967016,0.04683024998579901,0.1864263452877629,0.003215783558687938,0.0026468560099601746,-0.0022250190377235413,0.557329999992362
11.8,3.127043014976405,0.04533501898213481,0.16508097998685548,-0.06608120296469175,-0.009637854993343353,-0.004899866878986359,0.5752840002060111
11.850000000000001,3.128104372010768,0.04022987620598904,-0.059468187097535735,-0.2265648055484649,0.005176246166229248,0.0022909417748451233,0.7184050000432762
11.9,3.127320064405065,0.037740091368693655,0.000986058715448394,0.10403281455296212,-0.0003905370831489563,-0.00016810745000839233,0.808163000328932
11.950000000000001,3.127303549402935,0.04191098654222439,-0.0006986171112649117,0.06474747887739221,0.007909081876277924,0.0007882192730903625,0.6325059998744109
12.0,3.131633408026025,0.04276564816866122,0.16668439626683776,0.0016974397839147261,0.003731377422809601,-0.002072840929031372,0.5795060001219099
12.05,3.1420985073715304,0.03873505840619429,0.25906797831867945,-0.16660094350318758,-0.011760558933019638,-0.004700683057308197,0.5976809998173849
12.100000000000001,3.144847311117812,0.03452867415120403,-0.06660374339737749,-0.11871220687270183,-0.007271222770214081,-0.002886928617954254,0.8267260000138776
12.15,3.1392381337237354,0.027742238933943057,-0.16149947146753404,-0.15533034650718844,-0.0018909052014350891,-0.00021436810493469238,0.5796249997729319
12.200000000000001,3.1307364457748714,0.024668535504876927,-0.1727148314503388,-0.005023088594584031,0.0034738555550575256,0.001308731734752655,0.5832640003973211
12.25,3.1265923669902076,0.024600675672747808,-0.01010386711382703,0.00288702474442322,0.0045667365193367004,0.00010842829942703247,0.5618579998554196
12.3,3.1267303169578793,0.024667022447267786,0.010626444783086586,0.0012879638398678424,-0.00576329231262207,-0.0021701306104660034,0.6702929999846674
12.350000000000001,3.124227055537573,0.024522477732364524,-0.11334632375565476,-0.003899815098357845,0.008883550763130188,0.0027880221605300903,0.6553339999300078
12.4,3.123379581428995,0.026907058102605574,0.03159886132424344,0.1413197892327212,-0.0026998370885849,-0.0028113946318626404,0.7459490002474922
12.450000000000001,3.1236684053039703,0.0268346278032475,-0.0016089260357867881,-0.12574293427130623,-0.0023221299052238464,-0.0014972835779190063,0.6593329999304842
12.5,3.123491498444553,0.01896806594296678,-0.004456746307859636,-0.1948712214345187,0.004013441503047943,0.0011173784732818604,1.0406699998384283
12.55,3.1234522259987534,0.015307511559109364,0.0016444839946369147,-0.0014857068463388357,0.00018037855625152588,0.000130482017993927,1.0849379996216157
12.600000000000001,3.123397476793021,0.015310833499909813,-0.0018255423970388782,0.00030863002265216167,-0.0016667544841766357,-0.0011788159608840942,0.6770589998268406
12.65,3.1232466377121417,0.013652224934376447,-0.0033376117157803004,-0.06823504062781965,0.0066022127866744995,0.001666918396949768,0.8520800001861062
12.700000000000001,3.1238500567689584,0.013353370833848625,0.032684144518734644,0.023346777329640904,-0.005532838404178619,-0.0007412359118461609,0.7583409997096169
12.75,3.1222162930053194,0.013755729391892114,-0.10012581395951711,0.0027885156512790967,0.007749468088150024,0.001390792429447174,0.6471130000136327
12.8,3.12164800775249,0.013356459142295008,0.03669937162720471,0.0012062102483661318,0.004587218165397644,0.0020137429237365723,0.7471430003533897
12.850000000000001,3.1221238285711324,0.01920250942367003,0.0018816809945851917,0.20686428876364046,0.002040967345237732,3.567337989807129e-05,0.571949000004679
12.9,3.12221321151946,0.026779650572358527,0.0016961732844023886,0.10265670481212535,0.010434582829475403,0.00021423399448394775,0.6176400002004812
12.950000000000001,3.1290070357443245,0.0261145836471242,0.2650488926708834,-0.09981318037080385,-0.0020393729209899902,-0.00047113746404647827,0.5828350003866944
13.0,3.1356985715315395,0.027915911458206637,0.02297050967182909,0.13710761806892166,-0.007604718208312988,-0.0006483867764472961,0.5955550000180665
13.05,3.1321191540599185,0.038322824651296085,-0.1689424911240287,0.2858349886459821,0.0016489773988723755,-0.0002585574984550476,0.7272539996847627
13.100000000000001,3.1294406870328957,0.04342241702561983,-0.0011003984354974678,0.012072001482667138,0.002753540873527527,0.0016744881868362427,0.5839430000378343
13.15,3.1294348697537897,0.05035825412176086,0.00017793696108039068,0.26779274221261534,-0.005545705556869507,-0.0034846439957618713,0.55809599962231
13.200000000000001,3.1292929920775,0.05393878280906531,-0.008718326382710964,-0.05849414323642517,-0.005639754235744476,-0.00163973867893219,0.5617980000351963
13.25,3.1259690619978,0.053393484163782326,-0.1153378570329382,0.001182846780237625,0.0032892748713493347,0.00018860399723052979,0.5714479998459865
13.3,3.1241135752146856,0.05339693521044497,0.00013888006112903963,0.008002024590913216,-0.0010605081915855408,-0.0008710548281669617,0.9794659999897704
13.350000000000001,3.1240413018281794,0.05351674318796737,-0.0019630436699259717,0.0007643224571529408,-0.0033383220434188843,-0.000909559428691864,0.6326000002445653
13.4,3.123209268285581,0.05360143871233253,-0.031620199922633395,0.0019497297077858899,0.006955340504646301,0.0006993040442466736,0.5816489997414465
13.450000000000001,3.124411109680285,0.0537564062243414,0.077409623809347,0.003591235284159864,-0.00909809023141861,-0.0023322030901908875,0.7250050002767239
13.5,3.1224874290006137,0.054381476216337425,-0.14477533913411306,0.007144674908248594,-0.0006412863731384277,-0.0015361160039901733,0.6230159997357987
13.55,3.1170017768662026,0.0528359906606753,-0.07911930512294096,-0.06646332085224511,0.0022639334201812744,-3.0256807804107666e-05,0.6314950001069519
13.600000000000001,3.1153079150792387,0.051469529320532136,-0.0033134646914734956,-0.001290711990388613,0.007500872015953064,0.0006945505738258362,0.5735340000683209
13.65,3.1174019194897395,0.0515673242049728,0.08917827086371774,0.0027364824970126616,-0.010953694581985474,-0.004648923873901367,0.6026500000189117
13.700000000000001,3.1143140926728528,0.050501083154400016,-0.20730772071153317,-0.04742981898014492,0.010007664561271667,0.0036159679293632507,0.7075670000631362
13.75,3.110748145812175,0.05221382840992762,-0.0008965352626842428,0.1860213799519035,-0.0025574788451194763,-0.0027089715003967285,0.577382999836118
13.8,3.110643811893453,0.05364849630888507,-0.0034271839986305735,-0.07595201121413644,0.011510804295539856,0.0032923221588134766,0.7945410002321296
13.850000000000001,3.113270742752592,0.05751171292427347,0.11291341939357338,0.22351742521829332,0.003094017505645752,-0.002239823341369629,0.6205820000104723
13.9,3.120345387187512,0.0605503587954085,0.14437366050698197,-0.003870787126740929,-0.010040398687124252,-0.00519195944070816,0.8301480002046446
13.950000000000001,3.120577865361012,0.05710503905506517,-0.09136761136364539,-0.17768130038541968,0.0076163411140441895,0.0027282163500785828,0.628668999979709
14.0,3.1193739779275096,0.05717087091289707,0.0018287938871273228,0.18493114660697074,-0.013696826994419098,-0.005024649202823639,0.6346489999486948
14.05,3.111875344271535,0.060067242794497384,-0.3281067806718725,0.0015375929215892775,0.01024523377418518,0.00337827205657959,0.5777549999947951
14.100000000000001,3.104209014828885,0.06050108959029607,-0.016216974201872365,0.058870243252300454,0.01313856989145279,0.0019034966826438904,0.7201519997579453
14.15,3.1101916199211948,0.061277312005251335,0.2501741505844071,0.0017753894166356251,-0.01671624928712845,-0.008213896304368973,0.7414980000248761
14.200000000000001,3.1102980405098783,0.05449577856131376,-0.18977843608101627,-0.3470445271142539,0.002089552581310272,5.333125591278076e-05,0.5891270002393867
14.25,3.101582106822349,0.04118297584463168,-0.16294044323971402,-0.19636033237972433,0.017123088240623474,0.0015464574098587036,0.5686919998879603
14.3,3.1049476172118182,0.023820585328929236,0.27527753962853013,-0.4730325897872902,0.007840268313884735,0.0011523514986038208,0.8438650002062786
14.350000000000001,3.117393645322716,0.008300156676740042,0.23569237132125778,-0.17209365290650294,0.0029852837324142456,-0.00029840320348739624,0.7811700002093858
14.4,3.1256524190225674,0.0049216631273779005,0.11265208878241087,-0.005622292548546326,0.011281274259090424,0.003449559211730957,0.6090639999456471
14.450000000000001,3.1362142668433295,0.006657211955686113,0.3181130690505185,0.07064585205112298,-0.007985088974237442,-0.0033638179302215576,0.5690460002369946
14.5,3.1440818236947616,0.007639425523465034,0.018481992745984485,-0.014375169712984033,0.006479695439338684,0.0024657174944877625,0.5908970001655689
14.55,3.1467970723721415,0.011651322209654156,0.09303538211931744,0.17293219988660194,0.0036688894033432007,0.0010120570659637451,0.5838209999637911
14.600000000000001,3.1526087657101782,0.021356621491638014,0.14308063715279504,0.21995343458432848,-0.013910241425037384,-0.004828222095966339,0.6108930001573754
14.65,3.1526731250829716,0.02619660498842515,-0.11561404187749873,-0.0017181299529367292,-0.010869145393371582,-0.0008761361241340637,0.619913000264205
14.700000000000001,3.139460269877729,0.03389590593219028,-0.4214909333332269,0.3141630009844303,-0.009336411952972412,-0.003513805568218231,0.5639999999402789
14.75,3.1162752901237027,0.03977821781576589,-0.5460794420648297,0.00581518451647545,0.012825094163417816,0.0036797523498535156,0.7357609997598047
14.8,3.099785021191955,0.03979017459726752,-0.12531353196750655,-0.0008905033043064716,0.0027588531374931335,0.00020308047533035278,0.5581149998761248
14.850000000000001,3.0950187069924247,0.03967856400161856,-0.06869750410790786,-0.0024915828102241265,-0.00010824203491210938,-0.0011750087141990662,0.602252000135195
14.9,3.0905968537056867,0.038665147271603126,-0.11162391721711361,-0.0364087436126984,0.00021920353174209595,-9.191781282424927e-05,0.7450049997714814
14.950000000000001,3.083031846507478,0.038305667238825815,-0.18902487363401566,0.0003340355837026308,0.014267392456531525,0.0033022984862327576,0.6342450001284305
15.0,3.0808410754680216,0.038683747125103696,0.04680090918013623,0.036595442134053996,0.004584647715091705,-0.0007439181208610535,0.751092999962566
15.05,3.0814477499472277,0.03866954771161697,-0.00012034470754235423,-0.03112928569756096,0.022837772965431213,0.003084614872932434,0.5843600001753657
15.100000000000001,3.095024758221816,0.030275952677491714,0.5523897643273318,-0.310675059903318,-0.007989782840013504,-0.0045401304960250854,0.5726119998143986
15.15,3.1091754631493114,0.018983312184028513,0.045435361237193175,-0.1857269572386887,-0.0007891356945037842,3.380328416824341e-05,0.7846570001674991
15.200000000000001,3.1085608742177007,0.01528706383880667,-0.05106796053803766,-0.0076888937031464955,-0.010793164372444153,-0.0023224353790283203,0.7221119999485381
15.25,3.0965361249273244,0.015362606858246964,-0.4354251963501993,0.004095499720588358,0.021286018192768097,0.009906016290187836,0.5730590000894153
15.3,3.0855535606523428,0.0302656017014458,-0.031844816333618374,0.6266578972713005,0.0027285367250442505,-0.0011498704552650452,0.808904000223265
15.350000000000001,3.0852652806474117,0.05001023631852858,0.0006182800424033481,0.20900428396842147,0.004390843212604523,-0.0005820915102958679,0.6658520001110446
15.4,3.0853360692641387,0.05487721513597476,0.0008358321924627205,0.011186441253342599,0.015567868947982788,-2.5741755962371826e-05,0.5849899998793262
15.450000000000001,3.094856498838525,0.04493276015784871,0.38529756858125547,-0.41153280740469755,0.0006590262055397034,-0.0014640390872955322,0.5736990001423692
15.5,3.106375082751854,0.03310201063878947,0.08765604422409178,-0.08316567289655033,0.009169109165668488,0.0010512396693229675,0.6050889996913611
15.55,3.1122883150966247,0.032117730639071314,0.16635080134276298,-0.0007326504488894485,-0.00044868141412734985,-0.0017860308289527893,0.5949110000074143
15.600000000000001,3.1160286588286406,0.032109084021811285,0.0071338593755512015,-0.006526715124487859,0.0051636844873428345,0.000706501305103302,0.5689750000783533
15.65,3.11624662987142,0.03242707999623375,0.0036395426550758915,0.015604057846751562,0.0013511404395103455,0.0004949122667312622,0.5807319998893945
15.700000000000001,3.1162565222641434,0.033124134144023244,-0.0006815709190611925,0.009236793796955934,0.0016231909394264221,0.00020614266395568848,0.7041149997348839
15.75,3.116232679963313,0.03331801782301144,-0.0004975688327235039,0.0024366517511167137,0.013514496386051178,0.004215918481349945,0.5821570002808585
15.8,3.1211249822578595,0.039982641366716205,0.20096106145731746,0.26193890499827643,-0.00899747759103775,-0.0045828670263290405,0.8679329998813046
15.850000000000001,3.1239254844063913,0.046483246576051934,-0.03348690415039732,-0.018199200519848892,-0.005751602351665497,-0.001566089689731598,0.725077999959467
15.9,3.119058585103345,0.04636437195179587,-0.16061684920567731,0.0017192553904493983,0.01472858339548111,0.0036911368370056152,0.5635499996969884
15.950000000000001,3.120349534777859,0.047787670408420364,0.18264964821712723,0.07083218555467927,0.004801042377948761,0.0005263164639472961,0.5832130000271718
16.0,3.1297782051176597,0.05294751427617105,0.20147915412528017,0.13470306884640623,0.002085760235786438,-2.3327767848968506e-05,0.867015000039828
16.05,3.138381908030752,0.06321586613612427,0.14903132180638617,0.27792637901128764,-0.007058374583721161,-0.00430683046579361,0.5897720002394635
16.1,3.141163736765883,0.07130639154695854,0.0020389837521862554,0.025321075049340225,-0.01016656681895256,-0.004489712417125702,0.6404099999599566
16.150000000000002,3.137413764442737,0.07114265381080717,-0.1581278764694096,-0.020009609874879028,0.0003973469138145447,-0.0014878064393997192,0.5352779999157065
16.2,3.1339022824749554,0.06791989343510604,-0.007476335136016397,-0.07706602799136388,0.00014500319957733154,-0.0021529942750930786,0.5627670002468221
16.25,3.1338574001437864,0.06462413656789204,0.0007967771544825849,-0.05048310143810158,-0.002965405583381653,-0.0017713755369186401,0.5621600002996274
16.3,3.1337391778837707,0.0638510451744596,-0.002749191447884653,-0.002189108000542418,-0.0064096599817276,-0.0016709193587303162,0.8217279996642901
16.35,3.1314352249758284,0.06397261072101965,-0.08978349635679847,0.0036533980264370244,-0.002689667046070099,-0.0018378496170043945,0.6333400001494738
16.400000000000002,3.127663660011362,0.06387081729550373,-0.06481894683746701,-0.0034110741387176754,-0.009142786264419556,-0.002984851598739624,0.5501850000655395
16.45,3.1193212484422292,0.06389444767126477,-0.2732823251597849,0.0016227944505989205,0.003912433981895447,0.0007983073592185974,0.7163530003708729
16.5,3.110300665426282,0.06392676614761826,-0.0935015390223038,0.0005571515199147108,0.008761458098888397,0.0012692660093307495,0.6068410002626479
16.55,3.1101335429875507,0.06451313252094144,0.054209209602333226,0.0352686777385369,0.0010060891509056091,-0.0007212311029434204,0.5727530001422565
16.6,3.110738905494228,0.06709647483751825,0.0005070214658492165,0.02749782556558586,0.005471169948577881,0.0002624392509460449,0.5612380000457051
16.650000000000002,3.110899655008412,0.07002792252725197,0.004404077855065246,0.0931410669694245,-0.006312824785709381,-0.003087282180786133,0.54769700000179
16.7,3.108265976944324,0.0709438313896416,-0.12841559687115925,-0.0015757181465717446,-0.0025913119316101074,-0.002795115113258362,0.5716629998460121
16.75,3.1014308636430625,0.06762720770140065,-0.15064084789494947,-0.1283545226838578,0.004424817860126495,0.0001298859715461731,0.579593999646022
16.8,3.0969518558406537,0.06282560582616102,-0.03094943386715034,-0.06726830314189894,0.003090597689151764,0.000440940260887146,0.900012999863975
16.85,3.0962760207366915,0.06216857362902215,-0.0017778359359766774,0.0035428836819922393,0.003328777849674225,-0.0012939125299453735,0.7934060004117782
16.900000000000002,3.0962501711976906,0.06196731080822471,-0.00022750876458470568,-0.008584251891408223,0.0018765851855278015,-0.0015280023217201233,0.5665690000569157
16.95,3.0961842547873424,0.06054042922758903,-0.001603409705254755,-0.05010547278723679,0.008457109332084656,-0.00044968724250793457,0.5593830001089373
17.0,3.097163135201979,0.05927910928395068,0.04303718146681481,-0.006272528563708296,0.0019132494926452637,-0.0005249306559562683,0.7426430001942208
17.05,3.0975672731570953,0.059383486686352974,-0.0013558512280068716,4.4294175976263583e-05,0.0005812868475914001,-0.0012340247631072998,0.5656739999722049
17.1,3.0974156113662055,0.059193042671566165,-0.003520336965540111,-0.006438880135224959,0.0009657740592956543,-0.0013565868139266968,0.5730000002586166
17.150000000000002,3.0972651679128904,0.05822184269142079,-0.002887414763562433,-0.03229271268808546,-0.0062537118792533875,-0.003286696970462799,0.7202849997156591
17.2,3.0914976673158474,0.056618048892105664,-0.23196003951695665,-0.030977116518365756,0.009237468242645264,0.0010726302862167358,0.5573459998231556
17.25,3.086616922789677,0.05281488141268327,-0.00737785707090689,-0.06408104605940657,0.0014021024107933044,-0.00029040873050689697,0.7776520001243625
17.3,3.0850549354860597,0.05196933723589825,-0.046210668953088584,-0.0017916018892924622,0.008477985858917236,-0.0002115592360496521,0.6439029998546175
17.35,3.084700756442934,0.05071569532401975,0.002907668320196527,-0.009744630422285683,0.006324358284473419,0.0009046122431755066,0.5650610000884626
17.400000000000002,3.084777844751374,0.0507685917500675,0.0013288571333318505,0.003925852339020979,0.0064814165234565735,-0.000620029866695404,0.7211360002656875
17.45,3.084857332322292,0.05064294479466008,0.001572236550264874,-0.00429916292161592,0.0033351555466651917,-0.0007801875472068787,0.6422380001822603
17.5,3.084793416892134,0.050008546203434576,-0.002007671648471941,-0.024271878578121277,0.012382805347442627,-0.0003835335373878479,0.5643089998557116
17.55,3.090221712054188,0.041908223971427606,0.22217642264452478,-0.30237471685593936,0.007892400026321411,0.0017121657729148865,0.5841729998792289
17.6,3.09808431022924,0.03791963282363668,0.13111174403861717,0.03251912986075566,0.013029493391513824,0.0016127973794937134,0.5816170000798593
17.650000000000002,3.110217894690714,0.03816427162544253,0.35554811813428594,-0.0023278581815275538,-0.0009004771709442139,-0.0017408579587936401,0.535538999884011
17.7,3.1230760173080685,0.038236021570869576,0.16784213066166243,0.0021649775347148707,-0.018879830837249756,-0.007740013301372528,0.569173999792838
17.75,3.118910320135253,0.03229224929913285,-0.3181663949546598,-0.2612228644887031,0.014247328042984009,0.005235724151134491,0.6937480002306984
17.8,3.111951051939783,0.028342740455968126,-0.0038209332416484377,0.09920292823288916,0.00811786949634552,0.0019641518592834473,0.7075540002006164
17.85,3.1129970672166887,0.03576643002999299,0.046352372923089795,0.20118271124503387,0.00025616586208343506,-0.0005832985043525696,0.6294210002124601
17.900000000000002,3.1134693566454588,0.04415496190093499,-7.931108353890537e-05,0.10310587299380332,-0.012927338480949402,-0.005730457603931427,0.9568169998601661
17.95,3.105592768757142,0.04303067224126565,-0.32930713652725896,-0.11862623598017172,0.017891965806484222,0.0057149529457092285,0.9163169997918885
18.0,3.100188045100198,0.043465576804242075,0.05208312760057868,0.16391589115225902,0.008240826427936554,-0.0017092451453208923,1.058430999819393
18.05,3.107560306710496,0.04103353144984575,0.23659743441243639,-0.22758352315037986,0.0023854821920394897,-0.0005396455526351929,1.0026069999184983
18.1,3.11430195203476,0.03756026659419768,0.06462954678049371,-0.0005193467890802253,-0.00043032318353652954,-0.0010215342044830322,0.9296570001424698
18.150000000000002,3.114970726233021,0.03764711571896658,-0.0020710617092323195,-0.0028929517059362035,0.013222858309745789,0.0025290027260780334,0.6298909997894953
18.2,3.121510952139822,0.03767980093568621,0.2686790132180811,0.0014132921467828984,-0.014434430748224258,-0.003713756799697876,0.6631809997088567
18.25,3.121502709014993,0.042130935316354715,-0.2087953803293274,0.09414576764308998,0.003469504415988922,-0.0002093687653541565,0.5527710000023944
18.3,3.1166282802262075,0.042104564701886844,-0.013865166590944241,-0.04039697856744308,-0.0009016692638397217,-0.001000724732875824,0.5899130001125741
18.35,3.1159539349278127,0.04094517742108758,-0.013123823940701137,-0.007844158015073873,0.007762379944324493,0.0019012317061424255,0.6139199999779521
18.400000000000002,3.1164608850691553,0.044558729690926314,0.031698465179359606,0.1554817542670793,-0.004336103796958923,-0.0027537792921066284,0.5706100000679726
18.45,3.116312235456344,0.046286820373696455,-0.030760892424512274,-0.0421837816658443,-0.002873338758945465,-0.0028763040900230408,0.8468510000056995
18.5,3.115544846415717,0.03751278193870308,-0.004514805771087643,-0.30541746941461706,0.009827062487602234,0.001538008451461792,0.7380740003100072
18.55,3.116741534892729,0.0299029964177795,0.05987196357199079,-0.0241844732638826,0.000452972948551178,-0.0007620453834533691,0.6149810001261358
18.6,3.117386187942622,0.029652336276232785,-0.0010771849224149735,-0.002827117271783475,-0.011731225997209549,-0.004318371415138245,0.7841890001145657
18.650000000000002,3.1085664784651215,0.029257955782805493,-0.3583469928901096,-0.009690811083373644,0.0035533607006073,0.0009609535336494446,0.6534600001941726
18.7,3.092909417334133,0.02911444256183625,-0.2763222859033521,-0.0008656416909629743,0.013194173574447632,0.003458656370639801,0.5613149996861466
18.75,3.087425146563437,0.02923306486999551,0.0014833648821785707,0.033830663464533485,0.019251875579357147,0.002408146858215332,0.5735339996135735
18.8,3.0980940575009184,0.02539505706550498,0.43216839107364213,-0.18974267354675226,-0.006509751081466675,-0.0036394745111465454,0.5888809996577038
18.85,3.1074032390057345,0.021333844622112096,0.011713141496063409,-0.07300272599971964,0.008554086089134216,0.001520201563835144,0.5713099999411497
18.900000000000002,3.108780460688473,0.02068021750739469,0.05812969187757569,0.0020570508010366185,0.002630166709423065,-0.0009336024522781372,0.5643300000883755
18.95,3.1096371817383535,0.02040557618214646,0.0010136074792991617,-0.02428748494728533,-0.0038344115018844604,0.0004142150282859802,0.575037000089651
19.0,3.1052773279095076,0.022816551208699767,-0.1779390955766913,0.12117548638418603,0.010835811495780945,0.0005117431282997131,0.5536730000130774
19.05,3.104204256540414,0.02110784501316211,0.06935825109582094,-0.09651268137585313,-0.003712862730026245,-0.0023787766695022583,0.5861719996573811
19.1,3.104022607000147,0.013979711470300983,-0.05272858662700081,-0.2253267231013053,0.009218670427799225,0.003303900361061096,0.5788190001112525
19.150000000000002,3.1035108700275074,0.010632068819845533,0.0024763506629143905,0.07078832944980862,0.013906724750995636,0.0014852210879325867,0.5393139999796404
19.200000000000003,3.110683778407321,0.009494812929779634,0.2843360410056079,-0.10200654974205567,-0.002065606415271759,-0.0010185539722442627,0.5818299996462883
19.25,3.117063710034332,0.00870488677540249,0.014166183394204673,0.0026697898734864877,0.0076151043176651,0.0015347152948379517,0.5540689999179449
19.3,3.119404432073943,0.008839743363530224,0.08097816645554337,0.002661726455363761,0.0008312836289405823,-0.0008943825960159302,0.580465999973967
19.35,3.120668295950709,0.008729220726260912,0.0005867984509888307,-0.016026350935075342,0.01008489727973938,0.0027318522334098816,0.8365380003851897
19.400000000000002,3.1243749915055177,0.008940403794989499,0.15254561085496776,0.01647813013747582,0.0037125423550605774,0.0012718215584754944,0.7320730001083575
19.450000000000003,3.1301599784859455,0.013537407955738481,0.08374021760001449,0.16562274790558654,-0.015299249440431595,-0.005239866673946381,0.6537579997711873
19.5,3.1254318455820314,0.015334406964254227,-0.2956954919213544,-0.01612693240008638,0.0151287242770195,0.003857925534248352,0.5853379998370656
19.55,3.122382213757598,0.01379889250202959,0.1110981926700068,-0.0012763033690686258,0.00902075320482254,0.0027826428413391113,0.6027340000400727
19.6,3.130400409457874,0.017287359587894093,0.21624926725157573,0.13746945227058627,-0.014963895082473755,-0.00392681360244751,0.5633410000882577
19.650000000000002,3.1294661307667275,0.024159937297040742,-0.20588887892789146,0.07542909796720249,-0.003797784447669983,-0.0008902847766876221,0.5886430003556598
19.700000000000003,3.1185489014912484,0.025011191866831255,-0.2506978995147203,0.0007241100657636488,0.0037719979882240295,0.000921890139579773,0.5431120002867829
19.75,3.1096464916419797,0.02491086194302448,-0.11171057197419129,-0.0025453410731046005,0.010221242904663086,0.0038366466760635376,0.6501230000139913
19.8,3.108464498175833,0.02940781305132522,0.0027301785456758905,0.26045799705054995,0.004988089203834534,0.0007516518235206604,0.5942689999756112
19.85,3.1086020161459,0.041915275898260315,0.0026933416668932526,0.2485781720329978,0.0030112415552139282,4.6856701374053955e-05,0.6650959999205952
19.900000000000002,3.1086841398378935,0.05259831515317598,0.001304766521675954,0.18574475693170567,0.011395849287509918,0.0008189082145690918,0.5446690001917887
19.950000000000003,3.1157963955220227,0.05535700137574333,0.26445794645006526,0.00031015609048304826,-0.0017790794372558594,-0.0037338510155677795,0.5757470003118215
20.0,3.1246295164468223,0.0540496755318056,0.0952565817340495,-0.0558498202207352,-0.01309170201420784,-0.005225852131843567,0.5836250002175802
20.05,3.1207316437278685,0.05087714162680714,-0.24749686660540787,-0.08056666937853929,0.004765748977661133,0.0012055039405822754,0.5946599999333557
20.1,3.11261014302775,0.04981533933392856,-0.07038610852268219,-0.0011901696483898835,0.001079559326171875,-0.0003430172801017761,0.6185490001371363
20.150000000000002,3.1107374626369513,0.04971142368579452,-0.008429835266842576,-0.0017958321761551294,0.008388742804527283,0.0016743466258049011,0.735915999939607
20.200000000000003,3.11198044207541,0.052466672016141164,0.05957162826586317,0.11127416684593584,0.0014844238758087158,-0.0004758387804031372,0.7687050001550233
20.25,3.112745900695675,0.058869987972080824,0.0011969810753047457,0.10734443533386447,-0.00426909327507019,-0.0031949281692504883,0.6433339999603049
20.3,3.1119903536929447,0.05830485420654522,-0.03722249217100777,-0.09762023694799342,-0.0013514608144760132,-0.00099162757396698,0.5685480000465759
20.35,3.10887408356074,0.05671788366016183,-0.07816246667816651,-0.0026127532606053058,0.008564263582229614,0.0015195533633232117,0.5757389999416773
20.400000000000002,3.1086196025984694,0.057939744708316684,0.03621415034858087,0.07012689858447743,0.008113384246826172,0.0005645900964736938,0.5580439997174835
20.450000000000003,3.11354978072941,0.059183742296986086,0.15688435214274013,0.003357364568969343,-7.289648056030273e-05,-0.0031145811080932617,0.5615869999928691
20.5,3.1178124784789345,0.05900643799454805,0.018299444658842118,-0.01168238328048906,-0.0004668682813644409,-0.002318829298019409,0.5834829999002977
20.55,3.117964444386334,0.057405185271043595,-0.0008416578486744614,-0.06855656413228234,0.005030147731304169,9.000301361083984e-05,0.6251800000427465
20.6,3.118218200460415,0.056799989475475,0.014598134828874907,0.0034734426472691703,-0.002193763852119446,-0.0008368939161300659,0.5593969999608817
20.650000000000002,3.1181982377543074,0.056907502846152765,-0.0066710465120540215,0.0010699258418277718,-0.0011711716651916504,-0.0015920624136924744,0.5812239996885182
20.700000000000003,3.1180140134759804,0.05676463531963922,-0.0029344522858374905,-0.0037518246545740473,0.008441321551799774,0.0032138749957084656,0.7456960001945845
20.75,3.1181116980526293,0.06845128915299681,0.0032907723042571954,0.47810128688276904,-0.007755633443593979,-0.003158256411552429,0.5603509998763911
20.8,3.1159837139202464,0.08557254914876039,-0.09363104369407024,0.22725609887308498,-0.004115067422389984,-0.0034714937210083008,0.5803300000479794
20.85,3.1126432222082454,0.08796472432360311,-0.07154044613084548,-0.03603955557184402,-0.006828084588050842,-0.005349874496459961,0.5676830000993505
20.900000000000002,3.1079445695441477,0.07681910191211241,-0.12127698561238921,-0.4088979006929322,0.0091172456741333,0.0021362006664276123,0.7366240001829283
20.950000000000003,3.106261694513157,0.06504398721709086,0.002772743511354163,-0.03189743576099696,0.008837804198265076,0.0010320916771888733,0.5713579998882778
21.0,3.1088032294965116,0.06487761452690456,0.10714461084899354,0.003841808700721997,-0.0054484084248542786,-0.0032703280448913574,0.5708740000045509
21.05,3.109051353261041,0.06432297252297316,-0.061835714746377966,-0.038761373996322866,-0.004031635820865631,-0.002144724130630493,0.6455309999182646
21.1,3.1029049398560966,0.06382173137983412,-0.18150227038115108,-0.002018976221327011,-0.0010777562856674194,-0.0009706094861030579,0.823093999770208
21.150000000000002,3.0928646803807816,0.06380052821947624,-0.22612729858808672,0.00016646608597423553,-0.006056949496269226,-0.0030439719557762146,0.779154000156268
21.200000000000003,3.0754900294305334,0.06371202078948084,-0.48037374073353023,-0.0019312603687083928,0.009417012333869934,0.0028168559074401855,0.78183400000853
21.25,3.0559892402877806,0.06395581829093278,-0.3124620703541828,0.01349396922411674,0.02750929445028305,0.004670344293117523,0.6088000000090688
21.3,3.0570042275889775,0.05884627808509194,0.29631774018340984,-0.13935321197829895,0.014701560139656067,0.00041181594133377075,0.5954070002189837
21.35,3.0762885576328527,0.047977801472682956,0.489537940607698,-0.3080912292991728,0.004131115972995758,-0.0018964782357215881,0.668112999846926
21.400000000000002,3.0970679760389244,0.03273581379090438,0.35880216004437426,-0.32186596233454673,-0.004324264824390411,-0.002743460237979889,0.5876909999642521
21.450000000000003,3.1040317466122795,0.024111669526815177,0.002398799882074849,-0.14334565638332394,0.0104261115193367,0.002339087426662445,0.7426859997394786
21.5,3.1054554421640477,0.0225550531572969,0.07807785265704326,0.002846074420690157,0.009846575558185577,0.0005274489521980286,0.6385980000231939
21.55,3.112322090910876,0.022103169677245738,0.20133506512689225,-0.022477126009596133,-0.004320219159126282,-0.001873612403869629,0.5857999999534513
21.6,3.1152529113347223,0.022110443460930135,-0.025580438805527343,-0.00352075389914942,0.00606217235326767,0.0017218515276908875,0.5796119999104121
21.650000000000002,3.115100200273922,0.023630067567564576,0.002758377138997124,0.08256602377032816,-0.0036310628056526184,-0.002218000590801239,0.5814410001221404
21.700000000000003,3.1141562168088948,0.022890549862889666,-0.04585451750359115,-0.08856867942494283,-0.003626212477684021,-0.0016627609729766846,0.5644350003422005
21.75,3.10915331566656,0.018467096460204054,-0.15755376799970727,-0.09002937784948789,0.010469190776348114,0.002739250659942627,0.7284299999810173
21.8,3.107231852607532,0.015912504654598963,0.027301775325493296,0.0044247618977353315,0.005154475569725037,0.0001147836446762085,0.5756190003012307
21.85,3.107749685809158,0.01594024729151789,0.0026282630970498305,-0.0015263271197497538,0.009257704019546509,0.0016064420342445374,0.6055039998500433
21.900000000000002,3.1100819564812525,0.015982777262103648,0.09270803347228236,0.0014047969627411462,0.0022616982460021973,-0.00039145350456237793,0.6068170000617101
21.950000000000003,3.111868566646069,0.016043276845561234,0.002442820322533788,-0.0018523026612180013,-0.0045789554715156555,-0.002366013824939728,0.5819019997943542
22.0,3.1093115474169455,0.012494584256378255,-0.10721125990872755,-0.1389749151705237,0.01422794908285141,0.003545798361301422,0.583886999720562
22.05,3.110062473422698,0.009663431720900123,0.12428553330012618,-0.0006174891668841581,-0.0033321231603622437,-0.0009477213025093079,0.7047029998830112
22.1,3.110868918732681,0.01024736549548653,-0.04597683922678866,-0.0010102689210845768,-0.009122129529714584,-0.0027497783303260803,0.786719999723573
22.150000000000002,3.1007565398571995,0.01015793518995047,-0.3651506076774003,-0.0017821338718488112,0.011857539415359497,0.002694539725780487,1.0286540000379318
22.200000000000003,3.0916448204174167,0.006414463176644908,-0.026179249321200596,-0.11700628072682201,0.01631110906600952,0.002865917980670929,1.0177660001318145
22.25,3.0963738169188475,0.001131160596675116,0.2195820377173271,-0.1008869494814669,0.002330563962459564,0.000964239239692688,0.8230459998230799
22.3,3.101011300503096,0.002092816241698777,0.008320970136442039,0.06998164262165978,0.01337692141532898,0.0019043982028961182,0.7932949997666583
22.35,3.107124229664932,0.0024753903187297436,0.2290027137252093,-0.01910844701782778,0.005696572363376617,0.0007264316082000732,0.7031549998828268
22.400000000000002,3.1176035553933445,0.0023225683170936475,0.20055810046557082,0.0008071080544613632,0.006474032998085022,0.0007820427417755127,0.5820189999212744
22.450000000000003,3.12853918031338,0.002316063151768907,0.2436070875141521,-0.0005727396745347125,0.0023261234164237976,-0.00016147643327713013,0.5854450000697398
22.5,3.139283873929495,0.002350203352467637,0.19331520681552272,0.0008060611445702467,-0.01816505193710327,-0.005613259971141815,0.5915570000070147
22.55,3.135497391457378,0.002235418991326934,-0.3256149146097076,-0.00842518881252107,0.025523297488689423,0.010032132267951965,0.5977330001769587
22.6,3.1356687656860416,0.011932921170561406,0.27238808720912633,0.4809923976398013,-0.012470006942749023,-0.004709206521511078,0.6620060003115213
22.650000000000002,3.1399180929622252,0.029852396877852294,-0.017738938893919604,0.13556586484754307,-0.007671818137168884,-0.003006264567375183,0.6496400001196889
22.700000000000003,3.1374966767818258,0.031056690411506424,-0.10332110066123074,-0.014162692749035989,-0.008370921015739441,-0.004013441503047943,0.6145549996290356
22.75,3.1299420857833575,0.02437309667914277,-0.20545162630997327,-0.2504988761089105,-0.00027232617139816284,0.00010626763105392456,0.6442680000873224
22.8,3.1196450231490465,0.01609022322546633,-0.21215213874491776,-0.0872393564671435,0.006259001791477203,0.0022344887256622314,0.75736799999504
22.85,3.1136517563193444,0.014770568326170625,-0.024803537238746374,-0.0011113602107747215,0.006958521902561188,0.0008891969919204712,0.5942539996794949
22.900000000000002,3.1137772011390683,0.014771561070642815,0.02039375298970903,0.001032849087504357,-0.004735708236694336,-0.0018931105732917786,0.5893679999644519
22.950000000000003,3.111215817275503,0.014419499953589845,-0.1249944157434954,-0.013583082627440787,0.014530986547470093,0.004381008446216583,0.6358119999276823
23.0,3.1121127047403534,0.016463671323048427,0.13359505185332576,0.11079595052628032,0.006216622889041901,0.001091688871383667,0.7514779999837629
23.05,3.1194865702335157,0.02108552881948079,0.16616211754408194,0.07578593333992117,0.00357026606798172,-0.0006157234311103821,0.6822860000283981
23.1,3.1278078192306062,0.021876728570418495,0.15844953865549447,-0.0005526609651293587,-0.005340352654457092,-0.0017563700675964355,0.6392410000444215
23.150000000000002,3.129676457084767,0.022868183012134898,-0.024212145083199847,0.00022355454147629603,-0.0016807988286018372,-5.05298376083374e-05,0.5902679999962857
23.200000000000003,3.1289283704648705,0.022884512820007474,-0.006241474097448666,0.00038377866224664715,0.0006131008267402649,-0.0004153251647949219,0.8295679999719141
23.25,3.1288473754703405,0.02284465111251336,-0.0003757880222652644,-0.0008238444512661572,-0.004635706543922424,-0.0018640533089637756,0.6274129996199918
23.3,3.1268952778267702,0.022517413919596285,-0.07928252244382435,-0.011321115151842904,0.007869474589824677,0.0015604197978973389,0.5809250001220789
23.35,3.1271244126077256,0.022332757103288494,0.0651102467798651,0.003019320657655929,0.00518982857465744,0.0007688999176025391,0.571275999845966
23.400000000000002,3.131360644139711,0.022504306767584477,0.10715526370053237,0.0034606989276183948,0.005849994719028473,0.00131283700466156,0.5952269998488191
23.450000000000003,3.1384134016017393,0.023691076851783146,0.18039840434780008,0.0413859118075205,-0.004950180649757385,-0.00269896537065506,0.5747270001847937
23.5,3.142244178954186,0.024070477669392402,0.004470478018874147,-0.020935230157894873,-0.005257852375507355,-0.0012943819165229797,0.5622789999506494
23.55,3.141000209954407,0.023817506737539802,-0.05135528531222113,-0.0010255821218846282,-0.0025917887687683105,-0.0005049854516983032,0.6084599999667262
23.6,3.1392125350383564,0.02376602392895692,-0.02129682902716886,-0.0010014782860707087,0.0031075775623321533,0.00027029216289520264,0.5978569997751038
23.650000000000002,3.139171447027676,0.02386999976337831,0.007811074017036799,0.003886254009578217,0.00043120235204696655,0.00023636221885681152,0.5853999996361381
23.700000000000003,3.139289663925817,0.02462332889066565,0.0009864495086099358,0.02091078648990131,0.004097335040569305,0.0005443617701530457,0.7886289999987639
23.75,3.1407061749123386,0.025175905372900046,0.055598556386224504,0.004559307233092582,-0.005592465400695801,-0.002750016748905182,0.5997190000925912
23.8,3.141142758869255,0.023182196060640124,-0.0040415021276006295,-0.11726201762797664,-0.0007712319493293762,-0.0004962384700775146,0.6019400002514885
23.85,3.1410311273006695,0.020428568582694207,-0.0012650543329928757,-0.007260964684316241,0.0029887109994888306,0.0010028257966041565,0.620370999968145
23.900000000000002,3.141135533669997,0.022644947054371777,0.0029655650125596784,0.09961620225002431,-0.004968315362930298,-0.002205170691013336,0.5572639997808437
23.950000000000003,3.14095849597734,0.0230132251430713,-0.010019655119771894,-0.047302981729586316,-0.0023463964462280273,-0.0008719488978385925,0.5971969999336579
24.0,3.1407357778836005,0.021962546642496028,-0.002634785732976889,-0.003488087509451531,-0.004376769065856934,-2.6591122150421143e-05,0.7824539998182445
24.05,3.139798501427995,0.02216480154922808,-0.03461702534951809,0.00901445102566314,0.004850864410400391,0.0012917816638946533,0.7966389998728118
24.1,3.1398756866375597,0.024109951414821085,0.023699969497622382,0.08623090825918844,-0.00406811386346817,-0.0012802258133888245,0.7388919998447818
24.150000000000002,3.140013138159845,0.025653970313246195,-0.004897651477952459,-0.0003834944139413257,-0.0012878403067588806,-0.0010416358709335327,0.7453530001839681
24.200000000000003,3.1399221345932324,0.02555739912890059,-0.001005315762096921,-0.0021627936174179138,-0.0050552114844322205,-0.0019475296139717102,0.7037729997136921
24.25,3.138718584450602,0.025165257619912194,-0.048076233510232526,-0.013130786318931761,-0.0015667527914047241,-0.0004204884171485901,0.7120400000530935
24.3,3.137553262347582,0.024955314796368738,-0.004361821746614718,-0.0008313192545770177,0.0036258772015571594,0.0010415464639663696,0.748836000184383
24.35,3.1376380421832417,0.02754688020050263,0.0032589730922651123,0.11119991656973574,0.007790371775627136,0.001569211483001709,0.7665719999749854
24.400000000000002,3.1423418262130745,0.032059841988349255,0.18767645438691555,0.07205287181454283,-0.007485091686248779,-0.0035695880651474,0.788790999649791
24.450000000000003,3.1458154228156197,0.03280788764864324,0.0008874034284983836,-0.05220131453276614,-0.009787548333406448,-0.0023539364337921143,0.7771149998916371
24.5,3.140747432462464,0.032336718147937184,-0.19692761984037435,0.0014887650542056237,0.010522447526454926,0.002969309687614441,0.6577859999197244
24.55,3.139537462397282,0.033655555869883384,0.09813174096490021,0.08173625630779774,0.00391252338886261,0.00034240633249282837,0.7614099999955215
24.6,3.146081043393196,0.037198999029006134,0.16800887707399734,0.060819485270950505,-0.010496459901332855,-0.004795245826244354,0.6235329997252848
24.650000000000002,3.1481603004133683,0.035926404194342884,-0.029136680749708387,-0.14107559070318448,-0.002697564661502838,-0.0007217079401016235,0.5480150002767914
24.700000000000003,3.147164844893324,0.03262182218841015,-0.007591871588729128,-0.009154069551858561,-0.009203571826219559,-0.00435589998960495,0.5958800002190401
24.75,3.1451441967906812,0.02518671627062487,-0.07586945486478618,-0.2874109897517469,-0.003132045269012451,0.001507788896560669,0.5829050001011638
24.8,3.1379556997057017,0.023601268244907915,-0.1895789877197862,0.13791811609749785,0.011265091598033905,0.004270091652870178,0.6874050000078569
24.85,3.136565550601876,0.03374002053924862,0.06529875645546993,0.36695753115494645,-0.009036406874656677,-0.0036015212535858154,0.7398230000035255
24.900000000000002,3.1368917368488356,0.04322718629533734,-0.0318328199428758,0.01977171241457906,-0.01328803226351738,-0.0022872239351272583,0.7501879999836092
24.950000000000003,3.1252881927302765,0.05067632058375721,-0.4400243170536123,0.2829802674065193,0.001523919403553009,0.0010725706815719604,0.7828389998394414
